ID,value
1,0.0
2,0.0
3,0.0
4,0.0
5,0.0
6,0.0
7,0.0
8,0.0
9,0.0
10,0.0
11,0.0
12,0.0
13,0.0
14,0.0
15,0.0
16,0.0
17,0.0
18,0.0
19,0.0
20,0.0
21,0.0
22,0.0
23,0.0
24,0.0
25,0.0
26,0.0
27,0.0
28,0.0
29,0.0
30,0.0
31,0.0
32,0.0
33,0.0
34,0.0
35,0.0
36,0.0
37,0.0
38,0.0
39,0.0
40,0.0
41,0.0
42,0.0
43,0.0
44,0.0
45,0.0
46,0.0
47,0.0
48,0.0
49,0.0
50,0.0
51,0.0
52,0.0
53,0.0
54,0.0
55,0.0
56,0.0
57,0.0
58,0.0
59,0.0
60,0.0
61,0.0
62,0.0
63,0.0
64,0.0
65,0.0
66,0.0
67,0.0
68,0.0
69,0.0
70,0.0
71,0.0
72,0.0
73,0.0
74,0.0
75,0.0
76,0.0
77,0.0
78,0.0
79,0.0
80,0.0
81,0.0
82,0.0
83,0.0
84,0.0
85,0.0
86,0.0
87,0.0
88,0.0
89,0.0
90,0.0
91,0.0
92,0.0
93,0.0
94,0.0
95,0.0
96,0.0
97,0.0
98,0.0
99,0.0
100,0.0
101,0.0
102,0.0
103,0.0
104,0.0
105,0.0
106,0.0
107,0.0
108,0.0
109,0.0
110,0.0
111,0.0
112,0.0
113,0.0
114,0.0
115,0.0
116,0.0
117,0.0
118,0.0
119,0.0
120,0.0
121,0.0
122,0.0
123,0.0
124,0.0
125,0.0
126,0.0
127,0.0
128,0.0
129,0.0
130,0.0
131,0.0
132,0.0
133,0.0
134,0.0
135,0.0
136,0.0
137,0.0
138,0.0
139,0.0
140,0.0
141,0.0
142,0.0
143,0.0
144,0.0
145,0.0
146,0.0
147,0.0
148,0.0
149,0.0
150,0.0
151,0.0
152,0.0
153,0.0
154,0.0
155,0.0
156,0.0
157,0.0
158,0.0
159,0.0
160,0.0
161,0.0
162,0.0
163,0.0
164,0.0
165,0.0
166,0.0
167,0.0
168,0.0
169,0.0
170,0.0
171,0.0
172,0.0
173,0.0
174,0.0
175,0.0
176,0.0
177,0.0
178,0.0
179,0.0
180,0.0
181,0.0
182,0.0
183,0.0
184,0.0
185,0.0
186,0.0
187,0.0
188,0.0
189,0.0
190,0.0
191,0.0
192,0.0
193,0.0
194,0.0
195,0.0
196,0.0
197,0.0
198,0.0
199,0.0
200,0.0
201,0.0
202,0.0
203,0.0
204,0.0
205,0.0
206,0.0
207,0.0
208,0.0
209,0.0
210,0.0
211,0.0
212,0.0
213,0.0
214,0.0
215,0.0
216,0.0
217,0.0
218,0.0
219,0.0
220,0.0
221,0.0
222,0.0
223,0.0
224,0.0
225,0.0
226,0.0
227,0.0
228,0.0
229,0.0
230,0.0
231,0.0
232,0.0
233,0.0
234,0.0
235,0.0
236,0.0
237,0.0
238,0.0
239,0.0
240,0.0
241,0.0
242,0.0
243,0.0
244,0.0
245,0.0
246,0.0
247,0.0
248,0.0
249,0.0
250,0.0
251,0.0
252,0.0
253,0.0
254,0.0
255,0.0
256,0.0
257,0.0
258,0.0
259,0.0
260,0.0
261,0.0
262,0.0
263,0.0
264,0.0
265,0.0
266,0.0
267,0.0
268,0.0
269,0.0
270,0.0
271,0.0
272,0.0
273,0.0
274,0.0
275,0.0
276,0.0
277,0.0
278,0.0
279,0.0
280,0.0
281,0.0
282,0.0
283,0.0
284,0.0
285,0.0
286,0.0
287,0.0
288,0.0
289,0.0
290,0.0
291,0.0
292,0.0
293,0.0
294,0.0
295,0.0
296,0.0
297,0.0
298,0.0
299,0.0
300,0.0
301,0.0
302,0.0
303,0.0
304,0.0
305,0.0
306,0.0
307,0.0
308,0.0
309,0.0
310,0.0
311,0.0
312,0.0
313,0.0
314,0.0
315,0.0
316,0.0
317,0.0
318,0.0
319,0.0
320,0.0
321,0.0
322,0.0
323,0.0
324,0.0
325,0.0
326,0.0
327,0.0
328,0.0
329,0.0
330,0.0
331,0.0
332,0.0
333,0.0
334,0.0
335,0.0
336,0.0
337,0.0
338,0.0
339,0.0
340,0.0
341,0.0
342,0.0
343,0.0
344,0.0
345,0.0
346,0.0
347,0.0
348,0.0
349,0.0
350,0.0
351,0.0
352,0.0
353,0.0
354,0.0
355,0.0
356,0.0
357,0.0
358,0.0
359,0.0
360,0.0
361,0.0
362,0.0
363,0.0
364,0.0
365,0.0
366,0.0
367,0.0
368,0.0
369,0.0
370,0.0
371,0.0
372,0.0
373,0.0
374,0.0
375,0.0
376,0.0
377,0.0
378,0.0
379,0.0
380,0.0
381,0.0
382,0.0
383,0.0
384,0.0
385,0.0
386,0.0
387,0.0
388,0.0
389,0.0
390,0.0
391,0.0
392,0.0
393,0.0
394,0.0
395,0.0
396,0.0
397,0.0
398,0.0
399,0.0
400,0.0
401,0.0
402,0.0
403,0.0
404,0.0
405,0.0
406,0.0
407,0.0
408,0.0
409,0.0
410,0.0
411,0.0
412,0.0
413,0.0
414,0.0
415,0.0
416,0.0
417,0.0
418,0.0
419,0.0
420,0.0
421,0.0
422,0.0
423,0.0
424,0.0
425,0.0
426,0.0
427,0.0
428,0.0
429,0.0
430,0.0
431,0.0
432,0.0
433,0.0
434,0.0
435,0.0
436,0.0
437,0.0
438,0.0
439,0.0
440,0.0
441,0.0
442,0.0
443,0.0
444,0.0
445,0.0
446,0.0
447,0.0
448,0.0
449,0.0
450,1.0
451,1.0
452,1.0
453,1.0
454,1.0
455,1.0
456,1.0
457,1.0
458,1.0
459,1.0
460,1.0
461,1.0
462,1.0
463,1.0
464,1.0
465,1.0
466,1.0
467,1.0
468,1.0
469,1.0
470,1.0
471,1.0
472,1.0
473,1.0
474,1.0
475,1.0
476,1.0
477,1.0
478,1.0
479,1.0
480,1.0
481,1.0
482,1.0
483,1.0
484,1.0
485,1.0
486,1.0
487,1.0
488,1.0
489,1.0
490,1.0
491,1.0
492,1.0
493,1.0
494,1.0
495,1.0
496,1.0
497,1.0
498,1.0
499,1.0
500,1.0
501,1.0
502,1.0
503,1.0
504,1.0
505,1.0
506,1.0
507,1.0
508,1.0
509,1.0
510,1.0
511,1.0
512,1.0
513,1.0
514,1.0
515,1.0
516,1.0
517,1.0
518,1.0
519,1.0
520,1.0
521,1.0
522,1.0
523,1.0
524,1.0
525,1.0
526,1.0
527,1.0
528,1.0
529,1.0
530,1.0
531,1.0
532,1.0
533,1.0
534,1.0
535,1.0
536,1.0
537,1.0
538,1.0
539,1.0
540,1.0
541,1.0
542,1.0
543,1.0
544,1.0
545,1.0
546,1.0
547,1.0
548,1.0
549,1.0
550,1.0
551,1.0
552,1.0
553,1.0
554,1.0
555,1.0
556,1.0
557,1.0
558,1.0
559,1.0
560,1.0
561,1.0
562,1.0
563,1.0
564,1.0
565,1.0
566,1.0
567,1.0
568,1.0
569,1.0
570,1.0
571,1.0
572,1.0
573,1.0
574,1.0
575,1.0
576,1.0
577,1.0
578,1.0
579,1.0
580,1.0
581,1.0
582,1.0
583,1.0
584,1.0
585,1.0
586,1.0
587,1.0
588,1.0
589,1.0
590,1.0
591,1.0
592,1.0
593,1.0
594,1.0
595,1.0
596,1.0
597,1.0
598,1.0
599,1.0
600,1.0
601,1.0
602,1.0
603,1.0
604,1.0
605,1.0
606,1.0
607,1.0
608,1.0
609,1.0
610,1.0
611,1.0
612,1.0
613,1.0
614,1.0
615,1.0
616,1.0
617,1.0
618,1.0
619,1.0
620,1.0
621,1.0
622,1.0
623,1.0
624,1.0
625,1.0
626,1.0
627,1.0
628,1.0
629,1.0
630,1.0
631,1.0
632,1.0
633,1.0
634,1.0
635,1.0
636,1.0
637,1.0
638,1.0
639,1.0
640,1.0
641,1.0
642,1.0
643,1.0
644,1.0
645,1.0
646,1.0
647,1.0
648,1.0
649,1.0
650,1.0
651,1.0
652,1.0
653,1.0
654,1.0
655,1.0
656,1.0
657,1.0
658,1.0
659,1.0
660,1.0
661,1.0
662,1.0
663,1.0
664,1.0
665,1.0
666,1.0
667,1.0
668,1.0
669,1.0
670,1.0
671,1.0
672,1.0
673,1.0
674,1.0
675,1.0
676,1.0
677,1.0
678,1.0
679,1.0
680,1.0
681,1.0
682,1.0
683,1.0
684,1.0
685,1.0
686,1.0
687,1.0
688,1.0
689,1.0
690,1.0
691,1.0
692,1.0
693,1.0
694,1.0
695,1.0
696,1.0
697,1.0
698,1.0
699,1.0
700,1.0
701,1.0
702,1.0
703,1.0
704,1.0
705,1.0
706,1.0
707,1.0
708,1.0
709,1.0
710,1.0
711,1.0
712,1.0
713,1.0
714,1.0
715,1.0
716,1.0
717,1.0
718,1.0
719,1.0
720,1.0
721,1.0
722,1.0
723,1.0
724,1.0
725,1.0
726,1.0
727,1.0
728,1.0
729,1.0
730,1.0
731,1.0
732,1.0
733,1.0
734,1.0
735,1.0
736,1.0
737,1.0
738,1.0
739,1.0
740,1.0
741,1.0
742,1.0
743,1.0
744,1.0
745,1.0
746,1.0
747,1.0
748,1.0
749,1.0
750,1.0
751,1.0
752,1.0
753,1.0
754,1.0
755,1.0
756,1.0
757,1.0
758,1.0
759,1.0
760,1.0
761,1.0
762,1.0
763,1.0
764,1.0
765,1.0
766,1.0
767,1.0
768,1.0
769,1.0
770,1.0
771,1.0
772,1.0
773,1.0
774,1.0
775,1.0
776,1.0
777,1.0
778,1.0
779,1.0
780,1.0
781,1.0
782,1.0
783,1.0
784,1.0
785,1.0
786,1.0
787,1.0
788,1.0
789,1.0
790,1.0
791,1.0
792,1.0
793,1.0
794,1.0
795,1.0
796,1.0
797,1.0
798,1.0
799,1.0
800,1.0
801,1.0
802,1.0
803,1.0
804,1.0
805,1.0
806,1.0
807,1.0
808,1.0
809,1.0
810,1.0
811,1.0
812,1.0
813,1.0
814,1.0
815,1.0
816,1.0
817,1.0
818,1.0
819,1.0
820,1.0
821,1.0
822,1.0
823,1.0
824,1.0
825,1.0
826,1.0
827,1.0
828,1.0
829,1.0
830,1.0
831,1.0
832,1.0
833,1.0
834,1.0
835,1.0
836,1.0
837,1.0
838,1.0
839,1.0
840,1.0
841,1.0
842,1.0
843,1.0
844,1.0
845,1.0
846,1.0
847,1.0
848,1.0
849,1.0
850,1.0
851,1.0
852,1.0
853,1.0
854,1.0
855,1.0
856,1.0
857,1.0
858,1.0
859,1.0
860,1.0
861,1.0
862,1.0
863,1.0
864,1.0
865,1.0
866,1.0
867,1.0
868,1.0
869,1.0
870,1.0
871,1.0
872,1.0
873,1.0
874,1.0
875,1.0
876,1.0
877,1.0
878,1.0
879,1.0
880,1.0
881,1.0
882,1.0
883,1.0
884,1.0
885,1.0
886,1.0
887,1.0
888,1.0
889,1.0
890,1.0
891,1.0
892,1.0
893,1.0
894,1.0
895,1.0
896,1.0
897,1.0
898,1.0
899,1.0
900,2.0
901,2.0
902,2.0
903,2.0
904,2.0
905,2.0
906,2.0
907,2.0
908,2.0
909,2.0
910,2.0
911,2.0
912,2.0
913,2.0
914,2.0
915,2.0
916,2.0
917,2.0
918,2.0
919,2.0
920,2.0
921,2.0
922,2.0
923,2.0
924,2.0
925,2.0
926,2.0
927,2.0
928,2.0
929,2.0
930,2.0
931,2.0
932,2.0
933,2.0
934,2.0
935,2.0
936,2.0
937,2.0
938,2.0
939,2.0
940,2.0
941,2.0
942,2.0
943,2.0
944,2.0
945,2.0
946,2.0
947,2.0
948,2.0
949,2.0
950,2.0
951,2.0
952,2.0
953,2.0
954,2.0
955,2.0
956,2.0
957,2.0
958,2.0
959,2.0
960,2.0
961,2.0
962,2.0
963,2.0
964,2.0
965,2.0
966,2.0
967,2.0
968,2.0
969,2.0
970,2.0
971,2.0
972,2.0
973,2.0
974,2.0
975,2.0
976,2.0
977,2.0
978,2.0
979,2.0
980,2.0
981,2.0
982,2.0
983,2.0
984,2.0
985,2.0
986,2.0
987,2.0
988,2.0
989,2.0
990,2.0
991,2.0
992,2.0
993,2.0
994,2.0
995,2.0
996,2.0
997,2.0
998,2.0
999,2.0
1000,2.0
1001,2.0
1002,2.0
1003,2.0
1004,2.0
1005,2.0
1006,2.0
1007,2.0
1008,2.0
1009,2.0
1010,2.0
1011,2.0
1012,2.0
1013,2.0
1014,2.0
1015,2.0
1016,2.0
1017,2.0
1018,2.0
1019,2.0
1020,2.0
1021,2.0
1022,2.0
1023,2.0
1024,2.0
1025,2.0
1026,2.0
1027,2.0
1028,2.0
1029,2.0
1030,2.0
1031,2.0
1032,2.0
1033,2.0
1034,2.0
1035,2.0
1036,2.0
1037,2.0
1038,2.0
1039,2.0
1040,2.0
1041,2.0
1042,2.0
1043,2.0
1044,2.0
1045,2.0
1046,2.0
1047,2.0
1048,2.0
1049,2.0
1050,2.0
1051,2.0
1052,2.0
1053,2.0
1054,2.0
1055,2.0
1056,2.0
1057,2.0
1058,2.0
1059,2.0
1060,2.0
1061,2.0
1062,2.0
1063,2.0
1064,2.0
1065,2.0
1066,2.0
1067,2.0
1068,2.0
1069,2.0
1070,2.0
1071,2.0
1072,2.0
1073,2.0
1074,2.0
1075,2.0
1076,2.0
1077,2.0
1078,2.0
1079,2.0
1080,2.0
1081,2.0
1082,2.0
1083,2.0
1084,2.0
1085,2.0
1086,2.0
1087,2.0
1088,2.0
1089,2.0
1090,2.0
1091,2.0
1092,2.0
1093,2.0
1094,2.0
1095,2.0
1096,2.0
1097,2.0
1098,2.0
1099,2.0
1100,2.0
1101,2.0
1102,2.0
1103,2.0
1104,2.0
1105,2.0
1106,2.0
1107,2.0
1108,2.0
1109,2.0
1110,2.0
1111,2.0
1112,2.0
1113,2.0
1114,2.0
1115,2.0
1116,2.0
1117,2.0
1118,2.0
1119,2.0
1120,2.0
1121,2.0
1122,2.0
1123,2.0
1124,2.0
1125,2.0
1126,2.0
1127,2.0
1128,2.0
1129,2.0
1130,2.0
1131,2.0
1132,2.0
1133,2.0
1134,2.0
1135,2.0
1136,2.0
1137,2.0
1138,2.0
1139,2.0
1140,2.0
1141,2.0
1142,2.0
1143,2.0
1144,2.0
1145,2.0
1146,2.0
1147,2.0
1148,2.0
1149,2.0
1150,2.0
1151,2.0
1152,2.0
1153,2.0
1154,2.0
1155,2.0
1156,2.0
1157,2.0
1158,2.0
1159,2.0
1160,2.0
1161,2.0
1162,2.0
1163,2.0
1164,2.0
1165,2.0
1166,2.0
1167,2.0
1168,2.0
1169,2.0
1170,2.0
1171,2.0
1172,2.0
1173,2.0
1174,2.0
1175,2.0
1176,2.0
1177,2.0
1178,2.0
1179,2.0
1180,2.0
1181,2.0
1182,2.0
1183,2.0
1184,2.0
1185,2.0
1186,2.0
1187,2.0
1188,2.0
1189,2.0
1190,2.0
1191,2.0
1192,2.0
1193,2.0
1194,2.0
1195,2.0
1196,2.0
1197,2.0
1198,2.0
1199,2.0
1200,2.0
1201,2.0
1202,2.0
1203,2.0
1204,2.0
1205,2.0
1206,2.0
1207,2.0
1208,2.0
1209,2.0
1210,2.0
1211,2.0
1212,2.0
1213,2.0
1214,2.0
1215,2.0
1216,2.0
1217,2.0
1218,2.0
1219,2.0
1220,2.0
1221,2.0
1222,2.0
1223,2.0
1224,2.0
1225,2.0
1226,2.0
1227,2.0
1228,2.0
1229,2.0
1230,2.0
1231,2.0
1232,2.0
1233,2.0
1234,2.0
1235,2.0
1236,2.0
1237,2.0
1238,2.0
1239,2.0
1240,2.0
1241,2.0
1242,2.0
1243,2.0
1244,2.0
1245,2.0
1246,2.0
1247,2.0
1248,2.0
1249,2.0
1250,2.0
1251,2.0
1252,2.0
1253,2.0
1254,2.0
1255,2.0
1256,2.0
1257,2.0
1258,2.0
1259,2.0
1260,2.0
1261,2.0
1262,2.0
1263,2.0
1264,2.0
1265,2.0
1266,2.0
1267,2.0
1268,2.0
1269,2.0
1270,2.0
1271,2.0
1272,2.0
1273,2.0
1274,2.0
1275,2.0
1276,2.0
1277,2.0
1278,2.0
1279,2.0
1280,2.0
1281,2.0
1282,2.0
1283,2.0
1284,2.0
1285,2.0
1286,2.0
1287,2.0
1288,2.0
1289,2.0
1290,2.0
1291,2.0
1292,2.0
1293,2.0
1294,2.0
1295,2.0
1296,2.0
1297,2.0
1298,2.0
1299,2.0
1300,2.0
1301,2.0
1302,2.0
1303,2.0
1304,2.0
1305,2.0
1306,2.0
1307,2.0
1308,2.0
1309,2.0
1310,2.0
1311,2.0
1312,2.0
1313,2.0
1314,2.0
1315,2.0
1316,2.0
1317,2.0
1318,2.0
1319,2.0
1320,2.0
1321,2.0
1322,2.0
1323,2.0
1324,2.0
1325,2.0
1326,2.0
1327,2.0
1328,2.0
1329,2.0
1330,2.0
1331,2.0
1332,2.0
1333,2.0
1334,2.0
1335,2.0
1336,2.0
1337,2.0
1338,2.0
1339,2.0
1340,2.0
1341,2.0
1342,2.0
1343,2.0
1344,2.0
1345,2.0
1346,2.0
1347,2.0
1348,2.0
1349,2.0
1350,2.0
1351,3.0
1352,3.0
1353,3.0
1354,3.0
1355,3.0
1356,3.0
1357,3.0
1358,3.0
1359,3.0
1360,3.0
1361,3.0
1362,3.0
1363,3.0
1364,3.0
1365,3.0
1366,3.0
1367,3.0
1368,3.0
1369,3.0
1370,3.0
1371,3.0
1372,3.0
1373,3.0
1374,3.0
1375,3.0
1376,3.0
1377,3.0
1378,3.0
1379,3.0
1380,3.0
1381,3.0
1382,3.0
1383,3.0
1384,3.0
1385,3.0
1386,3.0
1387,3.0
1388,3.0
1389,3.0
1390,3.0
1391,3.0
1392,3.0
1393,3.0
1394,3.0
1395,3.0
1396,3.0
1397,3.0
1398,3.0
1399,3.0
1400,3.0
1401,3.0
1402,3.0
1403,3.0
1404,3.0
1405,3.0
1406,3.0
1407,3.0
1408,3.0
1409,3.0
1410,3.0
1411,3.0
1412,3.0
1413,3.0
1414,3.0
1415,3.0
1416,3.0
1417,3.0
1418,3.0
1419,3.0
1420,3.0
1421,3.0
1422,3.0
1423,3.0
1424,3.0
1425,3.0
1426,3.0
1427,3.0
1428,3.0
1429,3.0
1430,3.0
1431,3.0
1432,3.0
1433,3.0
1434,3.0
1435,3.0
1436,3.0
1437,3.0
1438,3.0
1439,3.0
1440,3.0
1441,3.0
1442,3.0
1443,3.0
1444,3.0
1445,3.0
1446,3.0
1447,3.0
1448,3.0
1449,3.0
1450,3.0
1451,3.0
1452,3.0
1453,3.0
1454,3.0
1455,3.0
1456,3.0
1457,3.0
1458,3.0
1459,3.0
1460,3.0
1461,3.0
1462,3.0
1463,3.0
1464,3.0
1465,3.0
1466,3.0
1467,3.0
1468,3.0
1469,3.0
1470,3.0
1471,3.0
1472,3.0
1473,3.0
1474,3.0
1475,3.0
1476,3.0
1477,3.0
1478,3.0
1479,3.0
1480,3.0
1481,3.0
1482,3.0
1483,3.0
1484,3.0
1485,3.0
1486,3.0
1487,3.0
1488,3.0
1489,3.0
1490,3.0
1491,3.0
1492,3.0
1493,3.0
1494,3.0
1495,3.0
1496,3.0
1497,3.0
1498,3.0
1499,3.0
1500,3.0
1501,3.0
1502,3.0
1503,3.0
1504,3.0
1505,3.0
1506,3.0
1507,3.0
1508,3.0
1509,3.0
1510,3.0
1511,3.0
1512,3.0
1513,3.0
1514,3.0
1515,3.0
1516,3.0
1517,3.0
1518,3.0
1519,3.0
1520,3.0
1521,3.0
1522,3.0
1523,3.0
1524,3.0
1525,3.0
1526,3.0
1527,3.0
1528,3.0
1529,3.0
1530,3.0
1531,3.0
1532,3.0
1533,3.0
1534,3.0
1535,3.0
1536,3.0
1537,3.0
1538,3.0
1539,3.0
1540,3.0
1541,3.0
1542,3.0
1543,3.0
1544,3.0
1545,3.0
1546,3.0
1547,3.0
1548,3.0
1549,3.0
1550,3.0
1551,3.0
1552,3.0
1553,3.0
1554,3.0
1555,3.0
1556,3.0
1557,3.0
1558,3.0
1559,3.0
1560,3.0
1561,3.0
1562,3.0
1563,3.0
1564,3.0
1565,3.0
1566,3.0
1567,3.0
1568,3.0
1569,3.0
1570,3.0
1571,3.0
1572,3.0
1573,3.0
1574,3.0
1575,3.0
1576,3.0
1577,3.0
1578,3.0
1579,3.0
1580,3.0
1581,3.0
1582,3.0
1583,3.0
1584,3.0
1585,3.0
1586,3.0
1587,3.0
1588,3.0
1589,3.0
1590,3.0
1591,3.0
1592,3.0
1593,3.0
1594,3.0
1595,3.0
1596,3.0
1597,3.0
1598,3.0
1599,3.0
1600,3.0
1601,3.0
1602,3.0
1603,3.0
1604,3.0
1605,3.0
1606,3.0
1607,3.0
1608,3.0
1609,3.0
1610,3.0
1611,3.0
1612,3.0
1613,3.0
1614,3.0
1615,3.0
1616,3.0
1617,3.0
1618,3.0
1619,3.0
1620,3.0
1621,3.0
1622,3.0
1623,3.0
1624,3.0
1625,3.0
1626,3.0
1627,3.0
1628,3.0
1629,3.0
1630,3.0
1631,3.0
1632,3.0
1633,3.0
1634,3.0
1635,3.0
1636,3.0
1637,3.0
1638,3.0
1639,3.0
1640,3.0
1641,3.0
1642,3.0
1643,3.0
1644,3.0
1645,3.0
1646,3.0
1647,3.0
1648,3.0
1649,3.0
1650,3.0
1651,3.0
1652,3.0
1653,3.0
1654,3.0
1655,3.0
1656,3.0
1657,3.0
1658,3.0
1659,3.0
1660,3.0
1661,3.0
1662,3.0
1663,3.0
1664,3.0
1665,3.0
1666,3.0
1667,3.0
1668,3.0
1669,3.0
1670,3.0
1671,3.0
1672,3.0
1673,3.0
1674,3.0
1675,3.0
1676,3.0
1677,3.0
1678,3.0
1679,3.0
1680,3.0
1681,3.0
1682,3.0
1683,3.0
1684,3.0
1685,3.0
1686,3.0
1687,3.0
1688,3.0
1689,3.0
1690,3.0
1691,3.0
1692,3.0
1693,3.0
1694,3.0
1695,3.0
1696,3.0
1697,3.0
1698,3.0
1699,3.0
1700,3.0
1701,3.0
1702,3.0
1703,3.0
1704,3.0
1705,3.0
1706,3.0
1707,3.0
1708,3.0
1709,3.0
1710,3.0
1711,3.0
1712,3.0
1713,3.0
1714,3.0
1715,3.0
1716,3.0
1717,3.0
1718,3.0
1719,3.0
1720,3.0
1721,3.0
1722,3.0
1723,3.0
1724,3.0
1725,3.0
1726,3.0
1727,3.0
1728,3.0
1729,3.0
1730,3.0
1731,3.0
1732,3.0
1733,3.0
1734,3.0
1735,3.0
1736,3.0
1737,3.0
1738,3.0
1739,3.0
1740,3.0
1741,3.0
1742,3.0
1743,3.0
1744,3.0
1745,3.0
1746,3.0
1747,3.0
1748,3.0
1749,3.0
1750,3.0
1751,3.0
1752,3.0
1753,3.0
1754,3.0
1755,3.0
1756,3.0
1757,3.0
1758,3.0
1759,3.0
1760,3.0
1761,3.0
1762,3.0
1763,3.0
1764,3.0
1765,3.0
1766,3.0
1767,3.0
1768,3.0
1769,3.0
1770,3.0
1771,3.0
1772,3.0
1773,3.0
1774,3.0
1775,3.0
1776,3.0
1777,3.0
1778,3.0
1779,3.0
1780,3.0
1781,3.0
1782,3.0
1783,3.0
1784,3.0
1785,3.0
1786,3.0
1787,3.0
1788,3.0
1789,3.0
1790,3.0
1791,3.0
1792,3.0
1793,3.0
1794,3.0
1795,3.0
1796,3.0
1797,3.0
1798,3.0
1799,3.0
1800,3.0
1801,3.0
1802,4.0
1803,4.0
1804,4.0
1805,4.0
1806,4.0
1807,4.0
1808,4.0
1809,4.0
1810,4.0
1811,4.0
1812,4.0
1813,4.0
1814,4.0
1815,4.0
1816,4.0
1817,4.0
1818,4.0
1819,4.0
1820,4.0
1821,4.0
1822,4.0
1823,4.0
1824,4.0
1825,4.0
1826,4.0
1827,4.0
1828,4.0
1829,4.0
1830,4.0
1831,4.0
1832,4.0
1833,4.0
1834,4.0
1835,4.0
1836,4.0
1837,4.0
1838,4.0
1839,4.0
1840,4.0
1841,4.0
1842,4.0
1843,4.0
1844,4.0
1845,4.0
1846,4.0
1847,4.0
1848,4.0
1849,4.0
1850,4.0
1851,4.0
1852,4.0
1853,4.0
1854,4.0
1855,4.0
1856,4.0
1857,4.0
1858,4.0
1859,4.0
1860,4.0
1861,4.0
1862,4.0
1863,4.0
1864,4.0
1865,4.0
1866,4.0
1867,4.0
1868,4.0
1869,4.0
1870,4.0
1871,4.0
1872,4.0
1873,4.0
1874,4.0
1875,4.0
1876,4.0
1877,4.0
1878,4.0
1879,4.0
1880,4.0
1881,4.0
1882,4.0
1883,4.0
1884,4.0
1885,4.0
1886,4.0
1887,4.0
1888,4.0
1889,4.0
1890,4.0
1891,4.0
1892,4.0
1893,4.0
1894,4.0
1895,4.0
1896,4.0
1897,4.0
1898,4.0
1899,4.0
1900,4.0
1901,4.0
1902,4.0
1903,4.0
1904,4.0
1905,4.0
1906,4.0
1907,4.0
1908,4.0
1909,4.0
1910,4.0
1911,4.0
1912,4.0
1913,4.0
1914,4.0
1915,4.0
1916,4.0
1917,4.0
1918,4.0
1919,4.0
1920,4.0
1921,4.0
1922,4.0
1923,4.0
1924,4.0
1925,4.0
1926,4.0
1927,4.0
1928,4.0
1929,4.0
1930,4.0
1931,4.0
1932,4.0
1933,4.0
1934,4.0
1935,4.0
1936,4.0
1937,4.0
1938,4.0
1939,4.0
1940,4.0
1941,4.0
1942,4.0
1943,4.0
1944,4.0
1945,4.0
1946,4.0
1947,4.0
1948,4.0
1949,4.0
1950,4.0
1951,4.0
1952,4.0
1953,4.0
1954,4.0
1955,4.0
1956,4.0
1957,4.0
1958,4.0
1959,4.0
1960,4.0
1961,4.0
1962,4.0
1963,4.0
1964,4.0
1965,4.0
1966,4.0
1967,4.0
1968,4.0
1969,4.0
1970,4.0
1971,4.0
1972,4.0
1973,4.0
1974,4.0
1975,4.0
1976,4.0
1977,4.0
1978,4.0
1979,4.0
1980,4.0
1981,4.0
1982,4.0
1983,4.0
1984,4.0
1985,4.0
1986,4.0
1987,4.0
1988,4.0
1989,4.0
1990,4.0
1991,4.0
1992,4.0
1993,4.0
1994,4.0
1995,4.0
1996,4.0
1997,4.0
1998,4.0
1999,4.0
2000,4.0
2001,4.0
2002,4.0
2003,4.0
2004,4.0
2005,4.0
2006,4.0
2007,4.0
2008,4.0
2009,4.0
2010,4.0
2011,4.0
2012,4.0
2013,4.0
2014,4.0
2015,4.0
2016,4.0
2017,4.0
2018,4.0
2019,4.0
2020,4.0
2021,4.0
2022,4.0
2023,4.0
2024,4.0
2025,4.0
2026,4.0
2027,4.0
2028,4.0
2029,4.0
2030,4.0
2031,4.0
2032,4.0
2033,4.0
2034,4.0
2035,4.0
2036,4.0
2037,4.0
2038,4.0
2039,4.0
2040,4.0
2041,4.0
2042,4.0
2043,4.0
2044,4.0
2045,4.0
2046,4.0
2047,4.0
2048,4.0
2049,4.0
2050,4.0
2051,4.0
2052,4.0
2053,4.0
2054,4.0
2055,4.0
2056,4.0
2057,4.0
2058,4.0
2059,4.0
2060,4.0
2061,4.0
2062,4.0
2063,4.0
2064,4.0
2065,4.0
2066,4.0
2067,4.0
2068,4.0
2069,4.0
2070,4.0
2071,4.0
2072,4.0
2073,4.0
2074,4.0
2075,4.0
2076,4.0
2077,4.0
2078,4.0
2079,4.0
2080,4.0
2081,4.0
2082,4.0
2083,4.0
2084,4.0
2085,4.0
2086,4.0
2087,4.0
2088,4.0
2089,4.0
2090,4.0
2091,4.0
2092,4.0
2093,4.0
2094,4.0
2095,4.0
2096,4.0
2097,4.0
2098,4.0
2099,4.0
2100,4.0
2101,4.0
2102,4.0
2103,4.0
2104,4.0
2105,4.0
2106,4.0
2107,4.0
2108,4.0
2109,4.0
2110,4.0
2111,4.0
2112,4.0
2113,4.0
2114,4.0
2115,4.0
2116,4.0
2117,4.0
2118,4.0
2119,4.0
2120,4.0
2121,4.0
2122,4.0
2123,4.0
2124,4.0
2125,4.0
2126,4.0
2127,4.0
2128,4.0
2129,4.0
2130,4.0
2131,4.0
2132,4.0
2133,4.0
2134,4.0
2135,4.0
2136,4.0
2137,4.0
2138,4.0
2139,4.0
2140,4.0
2141,4.0
2142,4.0
2143,4.0
2144,4.0
2145,4.0
2146,4.0
2147,4.0
2148,4.0
2149,4.0
2150,4.0
2151,4.0
2152,4.0
2153,4.0
2154,4.0
2155,4.0
2156,4.0
2157,4.0
2158,4.0
2159,4.0
2160,4.0
2161,4.0
2162,4.0
2163,4.0
2164,4.0
2165,4.0
2166,4.0
2167,4.0
2168,4.0
2169,4.0
2170,4.0
2171,4.0
2172,4.0
2173,4.0
2174,4.0
2175,4.0
2176,4.0
2177,4.0
2178,4.0
2179,4.0
2180,4.0
2181,4.0
2182,4.0
2183,4.0
2184,4.0
2185,4.0
2186,4.0
2187,4.0
2188,4.0
2189,4.0
2190,4.0
2191,4.0
2192,4.0
2193,4.0
2194,4.0
2195,4.0
2196,4.0
2197,4.0
2198,4.0
2199,4.0
2200,4.0
2201,4.0
2202,4.0
2203,4.0
2204,4.0
2205,4.0
2206,4.0
2207,4.0
2208,4.0
2209,4.0
2210,4.0
2211,4.0
2212,4.0
2213,4.0
2214,4.0
2215,4.0
2216,4.0
2217,4.0
2218,4.0
2219,4.0
2220,4.0
2221,4.0
2222,4.0
2223,4.0
2224,4.0
2225,4.0
2226,4.0
2227,4.0
2228,4.0
2229,4.0
2230,4.0
2231,4.0
2232,4.0
2233,4.0
2234,4.0
2235,4.0
2236,4.0
2237,4.0
2238,4.0
2239,4.0
2240,4.0
2241,4.0
2242,4.0
2243,4.0
2244,4.0
2245,4.0
2246,4.0
2247,4.0
2248,4.0
2249,4.0
2250,4.0
2251,4.0
2252,5.0
2253,5.0
2254,5.0
2255,5.0
2256,5.0
2257,5.0
2258,5.0
2259,5.0
2260,5.0
2261,5.0
2262,5.0
2263,5.0
2264,5.0
2265,5.0
2266,5.0
2267,5.0
2268,5.0
2269,5.0
2270,5.0
2271,5.0
2272,5.0
2273,5.0
2274,5.0
2275,5.0
2276,5.0
2277,5.0
2278,5.0
2279,5.0
2280,5.0
2281,5.0
2282,5.0
2283,5.0
2284,5.0
2285,5.0
2286,5.0
2287,5.0
2288,5.0
2289,5.0
2290,5.0
2291,5.0
2292,5.0
2293,5.0
2294,5.0
2295,5.0
2296,5.0
2297,5.0
2298,5.0
2299,5.0
2300,5.0
2301,5.0
2302,5.0
2303,5.0
2304,5.0
2305,5.0
2306,5.0
2307,5.0
2308,5.0
2309,5.0
2310,5.0
2311,5.0
2312,5.0
2313,5.0
2314,5.0
2315,5.0
2316,5.0
2317,5.0
2318,5.0
2319,5.0
2320,5.0
2321,5.0
2322,5.0
2323,5.0
2324,5.0
2325,5.0
2326,5.0
2327,5.0
2328,5.0
2329,5.0
2330,5.0
2331,5.0
2332,5.0
2333,5.0
2334,5.0
2335,5.0
2336,5.0
2337,5.0
2338,5.0
2339,5.0
2340,5.0
2341,5.0
2342,5.0
2343,5.0
2344,5.0
2345,5.0
2346,5.0
2347,5.0
2348,5.0
2349,5.0
2350,5.0
2351,5.0
2352,5.0
2353,5.0
2354,5.0
2355,5.0
2356,5.0
2357,5.0
2358,5.0
2359,5.0
2360,5.0
2361,5.0
2362,5.0
2363,5.0
2364,5.0
2365,5.0
2366,5.0
2367,5.0
2368,5.0
2369,5.0
2370,5.0
2371,5.0
2372,5.0
2373,5.0
2374,5.0
2375,5.0
2376,5.0
2377,5.0
2378,5.0
2379,5.0
2380,5.0
2381,5.0
2382,5.0
2383,5.0
2384,5.0
2385,5.0
2386,5.0
2387,5.0
2388,5.0
2389,5.0
2390,5.0
2391,5.0
2392,5.0
2393,5.0
2394,5.0
2395,5.0
2396,5.0
2397,5.0
2398,5.0
2399,5.0
2400,5.0
2401,5.0
2402,5.0
2403,5.0
2404,5.0
2405,5.0
2406,5.0
2407,5.0
2408,5.0
2409,5.0
2410,5.0
2411,5.0
2412,5.0
2413,5.0
2414,5.0
2415,5.0
2416,5.0
2417,5.0
2418,5.0
2419,5.0
2420,5.0
2421,5.0
2422,5.0
2423,5.0
2424,5.0
2425,5.0
2426,5.0
2427,5.0
2428,5.0
2429,5.0
2430,5.0
2431,5.0
2432,5.0
2433,5.0
2434,5.0
2435,5.0
2436,5.0
2437,5.0
2438,5.0
2439,5.0
2440,5.0
2441,5.0
2442,5.0
2443,5.0
2444,5.0
2445,5.0
2446,5.0
2447,5.0
2448,5.0
2449,5.0
2450,5.0
2451,5.0
2452,5.0
2453,5.0
2454,5.0
2455,5.0
2456,5.0
2457,5.0
2458,5.0
2459,5.0
2460,5.0
2461,5.0
2462,5.0
2463,5.0
2464,5.0
2465,5.0
2466,5.0
2467,5.0
2468,5.0
2469,5.0
2470,5.0
2471,5.0
2472,5.0
2473,5.0
2474,5.0
2475,5.0
2476,5.0
2477,5.0
2478,5.0
2479,5.0
2480,5.0
2481,5.0
2482,5.0
2483,5.0
2484,5.0
2485,5.0
2486,5.0
2487,5.0
2488,5.0
2489,5.0
2490,5.0
2491,5.0
2492,5.0
2493,5.0
2494,5.0
2495,5.0
2496,5.0
2497,5.0
2498,5.0
2499,5.0
2500,5.0
2501,5.0
2502,5.0
2503,5.0
2504,5.0
2505,5.0
2506,5.0
2507,5.0
2508,5.0
2509,5.0
2510,5.0
2511,5.0
2512,5.0
2513,5.0
2514,5.0
2515,5.0
2516,5.0
2517,5.0
2518,5.0
2519,5.0
2520,5.0
2521,5.0
2522,5.0
2523,5.0
2524,5.0
2525,5.0
2526,5.0
2527,5.0
2528,5.0
2529,5.0
2530,5.0
2531,5.0
2532,5.0
2533,5.0
2534,5.0
2535,5.0
2536,5.0
2537,5.0
2538,5.0
2539,5.0
2540,5.0
2541,5.0
2542,5.0
2543,5.0
2544,5.0
2545,5.0
2546,5.0
2547,5.0
2548,5.0
2549,5.0
2550,5.0
2551,5.0
2552,5.0
2553,5.0
2554,5.0
2555,5.0
2556,5.0
2557,5.0
2558,5.0
2559,5.0
2560,5.0
2561,5.0
2562,5.0
2563,5.0
2564,5.0
2565,5.0
2566,5.0
2567,5.0
2568,5.0
2569,5.0
2570,5.0
2571,5.0
2572,5.0
2573,5.0
2574,5.0
2575,5.0
2576,5.0
2577,5.0
2578,5.0
2579,5.0
2580,5.0
2581,5.0
2582,5.0
2583,5.0
2584,5.0
2585,5.0
2586,5.0
2587,5.0
2588,5.0
2589,5.0
2590,5.0
2591,5.0
2592,5.0
2593,5.0
2594,5.0
2595,5.0
2596,5.0
2597,5.0
2598,5.0
2599,5.0
2600,5.0
2601,5.0
2602,5.0
2603,5.0
2604,5.0
2605,5.0
2606,5.0
2607,5.0
2608,5.0
2609,5.0
2610,5.0
2611,5.0
2612,5.0
2613,5.0
2614,5.0
2615,5.0
2616,5.0
2617,5.0
2618,5.0
2619,5.0
2620,5.0
2621,5.0
2622,5.0
2623,5.0
2624,5.0
2625,5.0
2626,5.0
2627,5.0
2628,5.0
2629,5.0
2630,5.0
2631,5.0
2632,5.0
2633,5.0
2634,5.0
2635,5.0
2636,5.0
2637,5.0
2638,5.0
2639,5.0
2640,5.0
2641,5.0
2642,5.0
2643,5.0
2644,5.0
2645,5.0
2646,5.0
2647,5.0
2648,5.0
2649,5.0
2650,5.0
2651,5.0
2652,5.0
2653,5.0
2654,5.0
2655,5.0
2656,5.0
2657,5.0
2658,5.0
2659,5.0
2660,5.0
2661,5.0
2662,5.0
2663,5.0
2664,5.0
2665,5.0
2666,5.0
2667,5.0
2668,5.0
2669,5.0
2670,5.0
2671,5.0
2672,5.0
2673,5.0
2674,5.0
2675,5.0
2676,5.0
2677,5.0
2678,5.0
2679,5.0
2680,5.0
2681,5.0
2682,5.0
2683,5.0
2684,5.0
2685,5.0
2686,5.0
2687,5.0
2688,5.0
2689,5.0
2690,5.0
2691,5.0
2692,5.0
2693,5.0
2694,5.0
2695,5.0
2696,5.0
2697,5.0
2698,5.0
2699,5.0
2700,5.0
2701,5.0
2702,5.0
2703,5.0
2704,5.0
2705,5.0
